<!DOCTYPE hibernate-configuration PUBLIC
        "-//Hibernate/Hibernate Configuration DTD 3.0//EN"
        "http://www.hibernate.org/dtd/hibernate-configuration-3.0.dtd">
<hibernate-configuration>
    <session-factory>
        <!-- JDBC Database connection settings -->
        <property name="connection.driver_class">com.mysql.cj.jdbc.Driver</property>
        <property name="connection.url">jdbc:mysql://127.0.0.1:3306/gerenciadordetarefas</property>
        <property name="connection.username">root</property>
        <property name="connection.password">Millena03*</property>
        <!-- JDBC connection pool settings ... using built-in test pool -->
        <!-- C3P0 algorithm for connection pooling -->
        <property name="hibernate.c3p0.min_size">5</property>
        <property name="hibernate.c3p0.max_size">20</property>
        <property name="hibernate.c3p0.timeout">300</property>
        <property name="hibernate.c3p0.max_statements">50</property>
        <property name="hibernate.c3p0.idle_test_period">3000</property>        <!-- Select our SQL dialect -->
        <property name="dialect">org.hibernate.dialect.MySQL8Dialect</property>
        <!-- Echo the SQL to stdout -->
        <property name="show_sql">true</property>
        <!-- Set the current session context -->
        <property name="current_session_context_class">thread</property>
        <!-- Drop and re-create the database schema on startup -->
        <property name="hbm2ddl.auto">update</property>
        <!-- dbcp connection pool configuration -->
        <property name="hibernate.dbcp.initialSize">5</property>
        <property name="hibernate.dbcp.maxTotal">20</property>
        <property name="hibernate.dbcp.maxIdle">10</property>
        <property name="hibernate.dbcp.minIdle">5</property>
        <property name="hibernate.dbcp.maxWaitMillis">-1</property>
        <property name="hibernate.dbcp.max_size">20</property>

        <!-- Para colocar as tabelas no banco de dados -->
        <mapping class="br.dedigados.gerenciadordetarefas_lp1.model.Usuario" />
        <mapping class="br.dedigados.gerenciadordetarefas_lp1.model.Tarefa" />
        <mapping class="br.dedigados.gerenciadordetarefas_lp1.model.Categoria" />

    </session-factory>
</hibernate-configuration>
